<project xmlns="http://maven.apache.org/POM/4.0.0" xmlns:xsi="http://www.w3.org/2001/XMLSchema-instance"
		xsi:schemaLocation="http://maven.apache.org/POM/4.0.0 http://maven.apache.org/maven-v4_0_0.xsd">
	<modelVersion>4.0.0</modelVersion>
	<parent>
		<groupId>net.sf.jasperreports</groupId>
		<artifactId>jasperreports-samples-common</artifactId>
		<version>${revision}</version>
		<relativePath>pom-common.xml</relativePath>
	</parent>
	<artifactId>jasperreports-samples-parent</artifactId>
	<packaging>pom</packaging>
	<dependencies>
		<dependency>
			<groupId>net.sf.jasperreports</groupId>
			<artifactId>jasperreports</artifactId>
			<version>${revision}</version>
		</dependency>
	</dependencies>
</project>
