<?xml version="1.0" encoding="UTF-8"?>
<project xsi:schemaLocation="http://maven.apache.org/POM/4.0.0 https://maven.apache.org/xsd/maven-4.0.0.xsd" xmlns="http://maven.apache.org/POM/4.0.0"
    xmlns:xsi="http://www.w3.org/2001/XMLSchema-instance">
  <modelVersion>4.0.0</modelVersion>
  <groupId>net.sf.jasperreports</groupId>
  <artifactId>jasperreports-samples-customvisualization</artifactId>
  <version>7.0.0-SNAPSHOT</version>
  <description>Free Java Reporting Library</description>
  <url>http://jasperreports.sourceforge.net/jasperreports-samples-parent/jasperreports-samples-customvisualization</url>
  <organization>
    <name>Cloud Software Group, Inc.</name>
    <url>https://www.jaspersoft.com/</url>
  </organization>
  <licenses>
    <license>
      <name>GNU Lesser General Public License</name>
      <url>http://jasperreports.sourceforge.net/license.html</url>
      <distribution>repo</distribution>
    </license>
  </licenses>
  <developers>
    <developer>
      <id>teodord</id>
      <name>Teodor Danciu</name>
      <email>teodord@users.sourceforge.net</email>
      <url>http://sourceforge.net/users/teodord</url>
      <organization>Cloud Software Group, Inc.</organization>
      <organizationUrl>http://www.jaspersoft.com</organizationUrl>
      <roles>
        <role>architect</role>
        <role>developer</role>
      </roles>
      <timezone>+2</timezone>
    </developer>
    <developer>
      <id>lucianc</id>
      <name>Lucian Chirita</name>
      <email>lucianc@users.sourceforge.net</email>
      <url>http://sourceforge.net/users/lucianc</url>
      <organization>Cloud Software Group, Inc.</organization>
      <organizationUrl>http://www.jaspersoft.com</organizationUrl>
      <roles>
        <role>architect</role>
        <role>developer</role>
      </roles>
      <timezone>+2</timezone>
    </developer>
    <developer>
      <id>shertage</id>
      <name>Sanda Zaharia</name>
      <email>shertage@users.sourceforge.net</email>
      <url>http://sourceforge.net/users/shertage</url>
      <organization>Cloud Software Group, Inc.</organization>
      <organizationUrl>http://www.jaspersoft.com</organizationUrl>
      <roles>
        <role>developer</role>
      </roles>
      <timezone>+2</timezone>
    </developer>
    <developer>
      <id>narcism</id>
      <name>Narcis Marcu</name>
      <email>narcism@users.sourceforge.net</email>
      <url>http://sourceforge.net/users/narcism</url>
      <organization>Cloud Software Group, Inc.</organization>
      <organizationUrl>http://www.jaspersoft.com</organizationUrl>
      <roles>
        <role>developer</role>
      </roles>
      <timezone>+2</timezone>
    </developer>
  </developers>
  <scm>
    <connection>scm:git:https://github.com/TIBCOSoftware/jasperreports.git/jasperreports-samples-parent/jasperreports-samples-customvisualization</connection>
    <tag>7.0.0-SNAPSHOT</tag>
    <url>https://github.com/TIBCOSoftware/jasperreports/jasperreports-samples-parent/jasperreports-samples-customvisualization</url>
  </scm>
  <dependencies>
    <dependency>
      <groupId>net.sf.jasperreports</groupId>
      <artifactId>jasperreports-custom-visualization</artifactId>
      <version>7.0.0-SNAPSHOT</version>
      <scope>compile</scope>
      <optional>false</optional>
    </dependency>
    <dependency>
      <groupId>org.mozilla</groupId>
      <artifactId>rhino</artifactId>
      <version>1.7.14</version>
      <scope>runtime</scope>
      <optional>false</optional>
    </dependency>
    <dependency>
      <groupId>net.sf.jasperreports</groupId>
      <artifactId>jasperreports</artifactId>
      <version>7.0.0-SNAPSHOT</version>
      <scope>compile</scope>
    </dependency>
    <dependency>
      <groupId>net.sf.jasperreports</groupId>
      <artifactId>jasperreports-jdt</artifactId>
      <version>7.0.0-SNAPSHOT</version>
      <scope>compile</scope>
    </dependency>
    <dependency>
      <groupId>net.sf.jasperreports</groupId>
      <artifactId>jasperreports-fonts</artifactId>
      <version>7.0.0-SNAPSHOT</version>
      <scope>compile</scope>
    </dependency>
    <dependency>
      <groupId>net.sf.jasperreports</groupId>
      <artifactId>jasperreports-pdf</artifactId>
      <version>7.0.0-SNAPSHOT</version>
      <scope>compile</scope>
    </dependency>
    <dependency>
      <groupId>net.sf.jasperreports</groupId>
      <artifactId>jasperreports-excel-poi</artifactId>
      <version>7.0.0-SNAPSHOT</version>
      <scope>compile</scope>
    </dependency>
    <dependency>
      <groupId>org.apache.logging.log4j</groupId>
      <artifactId>log4j-core</artifactId>
      <version>2.17.1</version>
      <scope>compile</scope>
    </dependency>
    <dependency>
      <groupId>org.apache.logging.log4j</groupId>
      <artifactId>log4j-jcl</artifactId>
      <version>2.17.1</version>
      <scope>compile</scope>
    </dependency>
  </dependencies>
  <repositories>
    <repository>
      <id>jaspersoft-third-party</id>
      <url>https://jaspersoft.jfrog.io/jaspersoft/third-party-ce-artifacts/</url>
    </repository>
    <repository>
      <id>jr-ce-snapshots</id>
      <name>JasperReports CE Snapshots</name>
      <url>https://jaspersoft.jfrog.io/jaspersoft/jr-ce-snapshots</url>
    </repository>
    <repository>
      <id>jr-ce-releases</id>
      <name>JasperReports CE Releases</name>
      <url>https://jaspersoft.jfrog.io/jaspersoft/jr-ce-releases</url>
    </repository>
  </repositories>
</project>
